section_id,course_id,name,status,start_date,end_date,integration_id
20271010001,202710MU101F0110001,MU 101F 01,active,2026-08-17T05:00:00Z,2026-12-11T05:00:00Z,20271010001
20271010002,202710MU201F0110002,MU 201F 01,active,2026-08-17T05:00:00Z,2026-12-11T05:00:00Z,20271010002
20271010003,202710MU301F0110003,MU 301F 01,active,2026-08-17T05:00:00Z,2026-12-11T05:00:00Z,20271010003
20271010004,202710ET1410110004,ET 141 01,active,2026-08-17T05:00:00Z,2026-12-11T05:00:00Z,20271010004
20271010005,202710ET141L0110005,ET 141L 01,active,2026-08-17T05:00:00Z,2026-12-11T05:00:00Z,20271010005
20271010006,202710ET2410110006,ET 241 01,active,2026-08-17T05:00:00Z,2026-12-11T05:00:00Z,20271010006
20271010007,202710ET241L0110007,ET 241L 01,active,2026-08-17T05:00:00Z,2026-12-11T05:00:00Z,20271010007
20271010008,202710ET3410110008,ET 341 01,active,2026-08-17T05:00:00Z,2026-12-11T05:00:00Z,20271010008
20271010009,202710ET341L0110009,ET 341L 01,active,2026-08-17T05:00:00Z,2026-12-11T05:00:00Z,20271010009
20271010010,202710ET2010110010,ET 201 01,active,2026-08-17T05:00:00Z,2026-12-11T05:00:00Z,20271010010
20271010011,202710ET3340110011,ET 334 01,active,2026-08-17T05:00:00Z,2026-12-11T05:00:00Z,20271010011
20271010012,202710ET4460110012,ET 446 01,active,2026-08-17T05:00:00Z,2026-12-11T05:00:00Z,20271010012
20271010013,202710ET2220110013,ET 222 01,active,2026-08-17T05:00:00Z,2026-12-11T05:00:00Z,20271010013
20271010014,202710ET3740110014,ET 374 01,active,2026-08-17T05:00:00Z,2026-12-11T05:00:00Z,20271010014
20271010015,202710ET1910110015,ET 191 01,active,2026-08-17T05:00:00Z,2026-12-11T05:00:00Z,20271010015
20271010016,202710MU401F0110016,MU 401F 01,active,2026-08-17T05:00:00Z,2026-12-11T05:00:00Z,20271010016
20271010017,202710ET491E0110017,ET 491 E01,active,2026-08-17T05:00:00Z,2026-12-11T05:00:00Z,20271010017
20271010018,202710MU101G0110018,MU 101G 01,active,2026-08-17T05:00:00Z,2026-12-11T05:00:00Z,20271010018
20271010019,202710ET4990110019,ET 499 01,active,2026-08-17T05:00:00Z,2026-12-11T05:00:00Z,20271010019
20271010020,202710ET2030110020,ET 203 01,active,2026-08-17T05:00:00Z,2026-12-11T05:00:00Z,20271010020
20271010021,202710ET4010110021,ET 401 01,active,2026-08-17T05:00:00Z,2026-12-11T05:00:00Z,20271010021
20271010023,202710ET1010110023,ET 101 01,active,2026-08-17T05:00:00Z,2026-12-11T05:00:00Z,20271010023
20271010024,202710MU201G0110024,MU 201G 01,active,2026-08-17T05:00:00Z,2026-12-11T05:00:00Z,20271010024
20271010025,202710ET482HE110025,ET 482 HE1,active,2026-08-17T05:00:00Z,2026-12-11T05:00:00Z,20271010025
20271010026,202710MU301G0110026,MU 301G 01,active,2026-08-17T05:00:00Z,2026-12-11T05:00:00Z,20271010026
20271010027,202710ET2500110027,ET 250 01,active,2026-08-17T05:00:00Z,2026-12-11T05:00:00Z,20271010027
20271010028,202710ET3060110028,ET 306 01,active,2026-08-17T05:00:00Z,2026-12-11T05:00:00Z,20271010028
20271010029,202710MU401G0110029,MU 401G 01,active,2026-08-17T05:00:00Z,2026-12-11T05:00:00Z,20271010029
20271010030,202710MU101H0110030,MU 101H 01,active,2026-08-17T05:00:00Z,2026-12-11T05:00:00Z,20271010030
20271010031,202710MU201H0110031,MU 201H 01,active,2026-08-17T05:00:00Z,2026-12-11T05:00:00Z,20271010031
20271010032,202710MU301H0110032,MU 301H 01,active,2026-08-17T05:00:00Z,2026-12-11T05:00:00Z,20271010032
20271010033,202710MU401H0110033,MU 401H 01,active,2026-08-17T05:00:00Z,2026-12-11T05:00:00Z,20271010033
20271010034,202710MU101I0110034,MU 101I 01,active,2026-08-17T05:00:00Z,2026-12-11T05:00:00Z,20271010034
20271010035,202710MU201I0110035,MU 201I 01,active,2026-08-17T05:00:00Z,2026-12-11T05:00:00Z,20271010035
20271010036,202710MU301I0110036,MU 301I 01,active,2026-08-17T05:00:00Z,2026-12-11T05:00:00Z,20271010036
20271010037,202710MU401I0110037,MU 401I 01,active,2026-08-17T05:00:00Z,2026-12-11T05:00:00Z,20271010037
20271010038,202710MU101K0110038,MU 101K 01,active,2026-08-17T05:00:00Z,2026-12-11T05:00:00Z,20271010038
20271010039,202710MU201K0110039,MU 201K 01,active,2026-08-17T05:00:00Z,2026-12-11T05:00:00Z,20271010039
20271010040,202710MU301K0110040,MU 301K 01,active,2026-08-17T05:00:00Z,2026-12-11T05:00:00Z,20271010040
20271010041,202710MU401K0110041,MU 401K 01,active,2026-08-17T05:00:00Z,2026-12-11T05:00:00Z,20271010041
20271010042,202710MU1210110042,MU 121 01,active,2026-08-17T05:00:00Z,2026-12-11T05:00:00Z,20271010042
20271010043,202710MU2210110043,MU 221 01,active,2026-08-17T05:00:00Z,2026-12-11T05:00:00Z,20271010043
20271010044,202710MU4460110044,MU 446 01,active,2026-08-17T05:00:00Z,2026-12-11T05:00:00Z,20271010044
20271010045,202710MU4420110045,MU 442 01,active,2026-08-17T05:00:00Z,2026-12-11T05:00:00Z,20271010045
20271010046,202710MU3410110046,MU 341 01,active,2026-08-17T05:00:00Z,2026-12-11T05:00:00Z,20271010046
20271010047,202710MU1410110047,MU 141 01,active,2026-08-17T05:00:00Z,2026-12-11T05:00:00Z,20271010047
20271010048,202710MU1410210048,MU 141 02,active,2026-08-17T05:00:00Z,2026-12-11T05:00:00Z,20271010048
20271010049,202710MU3430310049,MU 343 03,active,2026-08-17T05:00:00Z,2026-12-11T05:00:00Z,20271010049
20271010050,202710MU2810310050,MU 281 03,active,2026-08-17T05:00:00Z,2026-12-11T05:00:00Z,20271010050
20271010051,202710MU3810310051,MU 381 03,active,2026-08-17T05:00:00Z,2026-12-11T05:00:00Z,20271010051
20271010052,202710MU3230310052,MU 323 03,active,2026-08-17T05:00:00Z,2026-12-11T05:00:00Z,20271010052
20271010053,202710MU3310110053,MU 331 01,active,2026-08-17T05:00:00Z,2026-12-11T05:00:00Z,20271010053
20271010054,202710MU1910110054,MU 191 01,active,2026-08-17T05:00:00Z,2026-12-11T05:00:00Z,20271010054
20271010055,202710MU2910110055,MU 291 01,active,2026-08-17T05:00:00Z,2026-12-11T05:00:00Z,20271010055
20271010056,202710AC2210110056,AC 221 01,active,2026-08-17T05:00:00Z,2026-12-11T05:00:00Z,20271010056
20271010057,202710AC3010110057,AC 301 01,active,2026-08-17T05:00:00Z,2026-12-11T05:00:00Z,20271010057
20271010058,202710MU3910110058,MU 391 01,active,2026-08-17T05:00:00Z,2026-12-11T05:00:00Z,20271010058
20271010059,202710AC3260110059,AC 326 01,active,2026-08-17T05:00:00Z,2026-12-11T05:00:00Z,20271010059
20271010060,202710MU4910110060,MU 491 01,active,2026-08-17T05:00:00Z,2026-12-11T05:00:00Z,20271010060
20271010061,202710AC4010110061,AC 401 01,active,2026-08-17T05:00:00Z,2026-12-11T05:00:00Z,20271010061
20271010063,202710AC4300110063,AC 430 01,active,2026-08-17T05:00:00Z,2026-12-11T05:00:00Z,20271010063
20271010064,202710SW301HE110064,SW 301 HE1,active,2026-08-17T05:00:00Z,2026-12-11T05:00:00Z,20271010064
20271010065,202710SW302E0110065,SW 302 E01,active,2026-08-17T05:00:00Z,2026-12-11T05:00:00Z,20271010065
20271010066,202710SW3070110066,SW 307 01,active,2026-08-17T05:00:00Z,2026-12-11T05:00:00Z,20271010066
20271010067,202710SW3200110067,SW 320 01,active,2026-08-17T05:00:00Z,2026-12-11T05:00:00Z,20271010067
20271010068,202710BA602E0110068,BA 602 E01,active,2026-08-17T05:00:00Z,2026-12-11T05:00:00Z,20271010068
20271010069,202710SW3300110069,SW 330 01,active,2026-08-17T05:00:00Z,2026-12-11T05:00:00Z,20271010069
20271010070,202710BA601E0110070,BA 601 E01,active,2026-08-17T05:00:00Z,2026-12-11T05:00:00Z,20271010070
20271010071,202710BA612E0110071,BA 612 E01,active,2026-08-17T05:00:00Z,2026-12-11T05:00:00Z,20271010071
20271010072,202710BA622E0110072,BA 622 E01,active,2026-08-17T05:00:00Z,2026-12-11T05:00:00Z,20271010072
20271010073,202710BA632E0110073,BA 632 E01,active,2026-08-17T05:00:00Z,2026-12-11T05:00:00Z,20271010073
20271010075,202710BA2060110075,BA 206 01,active,2026-08-17T05:00:00Z,2026-12-11T05:00:00Z,20271010075
20271010076,202710BA3150110076,BA 315 01,active,2026-08-17T05:00:00Z,2026-12-11T05:00:00Z,20271010076
20271010077,202710BA3200110077,BA 320 01,active,2026-08-17T05:00:00Z,2026-12-11T05:00:00Z,20271010077
20271010078,202710BA3220110078,BA 322 01,active,2026-08-17T05:00:00Z,2026-12-11T05:00:00Z,20271010078
20271010079,202710BA340E0110079,BA 340 E01,active,2026-08-17T05:00:00Z,2026-12-11T05:00:00Z,20271010079
20271010080,202710SW4080110080,SW 408 01,active,2026-08-17T05:00:00Z,2026-12-11T05:00:00Z,20271010080
20271010081,202710BA370E0110081,BA 370 E01,active,2026-08-17T05:00:00Z,2026-12-11T05:00:00Z,20271010081
20271010082,202710BA4210110082,BA 421 01,active,2026-08-17T05:00:00Z,2026-12-11T05:00:00Z,20271010082
20271010083,202710SW4090110083,SW 409 01,active,2026-08-17T05:00:00Z,2026-12-11T05:00:00Z,20271010083
20271010084,202710BA430E0110084,BA 430 E01,active,2026-08-17T05:00:00Z,2026-12-11T05:00:00Z,20271010084
20271010085,202710SW4200110085,SW 420 01,active,2026-08-17T05:00:00Z,2026-12-11T05:00:00Z,20271010085
20271010086,202710SW430E0110086,SW 430 E01,active,2026-08-17T05:00:00Z,2026-12-11T05:00:00Z,20271010086
20271010087,202710BA4450110087,BA 445 01,active,2026-08-17T05:00:00Z,2026-12-11T05:00:00Z,20271010087
20271010088,202710SW4360110088,SW 436 01,active,2026-08-17T05:00:00Z,2026-12-11T05:00:00Z,20271010088
20271010089,202710BA4480110089,BA 448 01,active,2026-08-17T05:00:00Z,2026-12-11T05:00:00Z,20271010089
20271010090,202710BA4550110090,BA 455 01,active,2026-08-17T05:00:00Z,2026-12-11T05:00:00Z,20271010090
20271010091,202710SW4370110091,SW 437 01,active,2026-08-17T05:00:00Z,2026-12-11T05:00:00Z,20271010091
20271010092,202710SW3750110092,SW 375 01,active,2026-08-17T05:00:00Z,2026-12-11T05:00:00Z,20271010092
20271010093,202710SW4910110093,SW 491 01,active,2026-08-17T05:00:00Z,2026-12-11T05:00:00Z,20271010093
20271010094,202710SW5000110094,SW 500 01,active,2026-08-17T05:00:00Z,2026-12-11T05:00:00Z,20271010094
20271010095,202710SW512HE110095,SW 512 HE1,active,2026-08-17T05:00:00Z,2026-12-11T05:00:00Z,20271010095
20271010096,202710SW5200110096,SW 520 01,active,2026-08-17T05:00:00Z,2026-12-11T05:00:00Z,20271010096
20271010097,202710SW5310110097,SW 531 01,active,2026-08-17T05:00:00Z,2026-12-11T05:00:00Z,20271010097
20271010098,202710SW6000110098,SW 600 01,active,2026-08-17T05:00:00Z,2026-12-11T05:00:00Z,20271010098
20271010099,202710SW610E0110099,SW 610 E01,active,2026-08-17T05:00:00Z,2026-12-11T05:00:00Z,20271010099
20271010100,202710SW615HE110100,SW 615 HE1,active,2026-08-17T05:00:00Z,2026-12-11T05:00:00Z,20271010100
20271010101,202710SW6200110101,SW 620 01,active,2026-08-17T05:00:00Z,2026-12-11T05:00:00Z,20271010101
20271010102,202710SW630E0110102,SW 630 E01,active,2026-08-17T05:00:00Z,2026-12-11T05:00:00Z,20271010102
20271010103,202710EH530E0110103,EH 530 E01,active,2026-08-17T05:00:00Z,2026-12-11T05:00:00Z,20271010103
20271010104,202710EH540E0110104,EH 540 E01,active,2026-08-17T05:00:00Z,2026-12-11T05:00:00Z,20271010104
20271010105,202710EH591E0110105,EH 591 E01,active,2026-08-17T05:00:00Z,2026-12-11T05:00:00Z,20271010105
20271010106,202710EH620E0110106,EH 620 E01,active,2026-08-17T05:00:00Z,2026-12-11T05:00:00Z,20271010106
20271010107,202710EH550E0110107,EH 550 E01,active,2026-08-17T05:00:00Z,2026-12-11T05:00:00Z,20271010107
20271010108,202710EH550LE0110108,EH 550L E01,active,2026-08-17T05:00:00Z,2026-12-11T05:00:00Z,20271010108
20271010109,202710EH570E0110109,EH 570 E01,active,2026-08-17T05:00:00Z,2026-12-11T05:00:00Z,20271010109
20271010110,202710EH503E0110110,EH 503 E01,active,2026-08-17T05:00:00Z,2026-12-11T05:00:00Z,20271010110
20271010111,202710EH565E0110111,EH 565 E01,active,2026-08-17T05:00:00Z,2026-12-11T05:00:00Z,20271010111
20271010112,202710MU101S0110112,MU 101S 01,active,2026-08-17T05:00:00Z,2026-12-11T05:00:00Z,20271010112
20271010113,202710EH500E0110113,EH 500 E01,active,2026-08-17T05:00:00Z,2026-12-11T05:00:00Z,20271010113
20271010114,202710EH588E0110114,EH 588 E01,active,2026-08-17T05:00:00Z,2026-12-11T05:00:00Z,20271010114
20271010115,202710MU201S0110115,MU 201S 01,active,2026-08-17T05:00:00Z,2026-12-11T05:00:00Z,20271010115
20271010116,202710BF601E0110116,BF 601 E01,active,2026-08-17T05:00:00Z,2026-12-11T05:00:00Z,20271010116
20271010117,202710BF6130110117,BF 613 01,active,2026-08-17T05:00:00Z,2026-12-11T05:00:00Z,20271010117
20271010118,202710MU301S0110118,MU 301S 01,active,2026-08-17T05:00:00Z,2026-12-11T05:00:00Z,20271010118
20271010119,202710BF7010110119,BF 701 01,active,2026-08-17T05:00:00Z,2026-12-11T05:00:00Z,20271010119
20271010120,202710MU401S0110120,MU 401S 01,active,2026-08-17T05:00:00Z,2026-12-11T05:00:00Z,20271010120
20271010121,202710BF7950110121,BF 795 01,active,2026-08-17T05:00:00Z,2026-12-11T05:00:00Z,20271010121
20271010122,202710BF7120110122,BF 712 01,active,2026-08-17T05:00:00Z,2026-12-11T05:00:00Z,20271010122
20271010123,202710MU101T0110123,MU 101T 01,active,2026-08-17T05:00:00Z,2026-12-11T05:00:00Z,20271010123
20271010124,202710BF7960110124,BF 796 01,active,2026-08-17T05:00:00Z,2026-12-11T05:00:00Z,20271010124
20271010125,202710MU201T0110125,MU 201T 01,active,2026-08-17T05:00:00Z,2026-12-11T05:00:00Z,20271010125
20271010126,202710MU301T0110126,MU 301T 01,active,2026-08-17T05:00:00Z,2026-12-11T05:00:00Z,20271010126
20271010128,202710MU401T0110128,MU 401T 01,active,2026-08-17T05:00:00Z,2026-12-11T05:00:00Z,20271010128
20271010129,202710MU101U0110129,MU 101U 01,active,2026-08-17T05:00:00Z,2026-12-11T05:00:00Z,20271010129
20271010130,202710MU301U0110130,MU 301U 01,active,2026-08-17T05:00:00Z,2026-12-11T05:00:00Z,20271010130
20271010131,202710MU401U0110131,MU 401U 01,active,2026-08-17T05:00:00Z,2026-12-11T05:00:00Z,20271010131
20271010132,202710CH111E0110132,CH 111 E01,active,2026-08-17T05:00:00Z,2026-12-11T05:00:00Z,20271010132
20271010133,202710MU101Y0110133,MU 101Y 01,active,2026-08-17T05:00:00Z,2026-12-11T05:00:00Z,20271010133
20271010134,202710CH1110210134,CH 111 02,active,2026-08-17T05:00:00Z,2026-12-11T05:00:00Z,20271010134
20271010135,202710MU111J0110135,MU 111J 01,active,2026-08-17T05:00:00Z,2026-12-11T05:00:00Z,20271010135
20271010136,202710MU211J0110136,MU 211J 01,active,2026-08-17T05:00:00Z,2026-12-11T05:00:00Z,20271010136
20271010137,202710CH1110110137,CH 111 01,active,2026-08-17T05:00:00Z,2026-12-11T05:00:00Z,20271010137
20271010138,202710MU311J0110138,MU 311J 01,active,2026-08-17T05:00:00Z,2026-12-11T05:00:00Z,20271010138
20271010139,202710CH111LE0110139,CH 111L E01,active,2026-08-17T05:00:00Z,2026-12-11T05:00:00Z,20271010139
20271010140,202710MU411J0110140,MU 411J 01,active,2026-08-17T05:00:00Z,2026-12-11T05:00:00Z,20271010140
20271010141,202710CH111L0210141,CH 111L 02,active,2026-08-17T05:00:00Z,2026-12-11T05:00:00Z,20271010141
20271010142,202710CH111L0110142,CH 111L 01,active,2026-08-17T05:00:00Z,2026-12-11T05:00:00Z,20271010142
20271010143,202710CH3010110143,CH 301 01,active,2026-08-17T05:00:00Z,2026-12-11T05:00:00Z,20271010143
20271010144,202710CH3010210144,CH 301 02,active,2026-08-17T05:00:00Z,2026-12-11T05:00:00Z,20271010144
20271010145,202710CH301L0110145,CH 301L 01,active,2026-08-17T05:00:00Z,2026-12-11T05:00:00Z,20271010145
20271010146,202710CH301L0210146,CH 301L 02,active,2026-08-17T05:00:00Z,2026-12-11T05:00:00Z,20271010146
20271010147,202710CH311110147,CH 311 1,active,2026-08-17T05:00:00Z,2026-12-11T05:00:00Z,20271010147
20271010148,202710CH311L110148,CH 311L 1,active,2026-08-17T05:00:00Z,2026-12-11T05:00:00Z,20271010148
20271010149,202710CH3200110149,CH 320 01,active,2026-08-17T05:00:00Z,2026-12-11T05:00:00Z,20271010149
20271010150,202710CH320L0110150,CH 320L 01,active,2026-08-17T05:00:00Z,2026-12-11T05:00:00Z,20271010150
20271010151,202710PH2110110151,PH 211 01,active,2026-08-17T05:00:00Z,2026-12-11T05:00:00Z,20271010151
20271010152,202710MU101L0110152,MU 101L 01,active,2026-08-17T05:00:00Z,2026-12-11T05:00:00Z,20271010152
20271010153,202710PH2110210153,PH 211 02,active,2026-08-17T05:00:00Z,2026-12-11T05:00:00Z,20271010153
20271010154,202710MU201L0110154,MU 201L 01,active,2026-08-17T05:00:00Z,2026-12-11T05:00:00Z,20271010154
20271010155,202710PH211L0110155,PH 211L 01,active,2026-08-17T05:00:00Z,2026-12-11T05:00:00Z,20271010155
20271010156,202710MU301L0110156,MU 301L 01,active,2026-08-17T05:00:00Z,2026-12-11T05:00:00Z,20271010156
20271010157,202710MU401L0110157,MU 401L 01,active,2026-08-17T05:00:00Z,2026-12-11T05:00:00Z,20271010157
20271010158,202710PH211L0210158,PH 211L 02,active,2026-08-17T05:00:00Z,2026-12-11T05:00:00Z,20271010158
20271010159,202710MU101R0110159,MU 101R 01,active,2026-08-17T05:00:00Z,2026-12-11T05:00:00Z,20271010159
20271010160,202710MU201R0110160,MU 201R 01,active,2026-08-17T05:00:00Z,2026-12-11T05:00:00Z,20271010160
20271010161,202710MU301R0110161,MU 301R 01,active,2026-08-17T05:00:00Z,2026-12-11T05:00:00Z,20271010161
20271010162,202710MU401R0110162,MU 401R 01,active,2026-08-17T05:00:00Z,2026-12-11T05:00:00Z,20271010162
20271010163,202710MU4500110163,MU 450 01,active,2026-08-17T05:00:00Z,2026-12-11T05:00:00Z,20271010163
20271010164,202710MU4500210164,MU 450 02,active,2026-08-17T05:00:00Z,2026-12-11T05:00:00Z,20271010164
20271010165,202710MU4500310165,MU 450 03,active,2026-08-17T05:00:00Z,2026-12-11T05:00:00Z,20271010165
20271010166,202710MU4500410166,MU 450 04,active,2026-08-17T05:00:00Z,2026-12-11T05:00:00Z,20271010166
20271010167,202710MU4500510167,MU 450 05,active,2026-08-17T05:00:00Z,2026-12-11T05:00:00Z,20271010167
20271010168,202710BI111E0110168,BI 111 E01,active,2026-08-17T05:00:00Z,2026-12-11T05:00:00Z,20271010168
20271010169,202710BI1110110169,BI 111 01,active,2026-08-17T05:00:00Z,2026-12-11T05:00:00Z,20271010169
20271010170,202710BI1110210170,BI 111 02,active,2026-08-17T05:00:00Z,2026-12-11T05:00:00Z,20271010170
20271010171,202710MU4500610171,MU 450 06,active,2026-08-17T05:00:00Z,2026-12-11T05:00:00Z,20271010171
20271010172,202710MU4500710172,MU 450 07,active,2026-08-17T05:00:00Z,2026-12-11T05:00:00Z,20271010172
20271010173,202710BI1110310173,BI 111 03,active,2026-08-17T05:00:00Z,2026-12-11T05:00:00Z,20271010173
20271010174,202710BI111LE0110174,BI 111L E01,active,2026-08-17T05:00:00Z,2026-12-11T05:00:00Z,20271010174
20271010175,202710BI111L0110175,BI 111L 01,active,2026-08-17T05:00:00Z,2026-12-11T05:00:00Z,20271010175
20271010176,202710BI111L0210176,BI 111L 02,active,2026-08-17T05:00:00Z,2026-12-11T05:00:00Z,20271010176
20271010177,202710BI111L0310177,BI 111L 03,active,2026-08-17T05:00:00Z,2026-12-11T05:00:00Z,20271010177
20271010178,202710BI3010110178,BI 301 01,active,2026-08-17T05:00:00Z,2026-12-11T05:00:00Z,20271010178
20271010179,202710BI3010210179,BI 301 02,active,2026-08-17T05:00:00Z,2026-12-11T05:00:00Z,20271010179
20271010180,202710BI301L0110180,BI 301L 01,active,2026-08-17T05:00:00Z,2026-12-11T05:00:00Z,20271010180
20271010181,202710BI301L0210181,BI 301L 02,active,2026-08-17T05:00:00Z,2026-12-11T05:00:00Z,20271010181
20271010182,202710BI4220110182,BI 422 01,active,2026-08-17T05:00:00Z,2026-12-11T05:00:00Z,20271010182
20271010183,202710BI422L0110183,BI 422L 01,active,2026-08-17T05:00:00Z,2026-12-11T05:00:00Z,20271010183
20271010184,202710BI3110110184,BI 311 01,active,2026-08-17T05:00:00Z,2026-12-11T05:00:00Z,20271010184
20271010185,202710MU101A0110185,MU 101A 01,active,2026-08-17T05:00:00Z,2026-12-11T05:00:00Z,20271010185
20271010186,202710MU201A0110186,MU 201A 01,active,2026-08-17T05:00:00Z,2026-12-11T05:00:00Z,20271010186
20271010187,202710MU301A0110187,MU 301A 01,active,2026-08-17T05:00:00Z,2026-12-11T05:00:00Z,20271010187
20271010188,202710BI311L0110188,BI 311L 01,active,2026-08-17T05:00:00Z,2026-12-11T05:00:00Z,20271010188
20271010189,202710MU401A0110189,MU 401A 01,active,2026-08-17T05:00:00Z,2026-12-11T05:00:00Z,20271010189
20271010190,202710MU101C0110190,MU 101C 01,active,2026-08-17T05:00:00Z,2026-12-11T05:00:00Z,20271010190
20271010191,202710MU201C0110191,MU 201C 01,active,2026-08-17T05:00:00Z,2026-12-11T05:00:00Z,20271010191
20271010192,202710MU301C0110192,MU 301C 01,active,2026-08-17T05:00:00Z,2026-12-11T05:00:00Z,20271010192
20271010193,202710BI4110110193,BI 411 01,active,2026-08-17T05:00:00Z,2026-12-11T05:00:00Z,20271010193
20271010194,202710MU401C0110194,MU 401C 01,active,2026-08-17T05:00:00Z,2026-12-11T05:00:00Z,20271010194
20271010195,202710BI411L0110195,BI 411L 01,active,2026-08-17T05:00:00Z,2026-12-11T05:00:00Z,20271010195
20271010196,202710MU301C0210196,MU 301C 02,active,2026-08-17T05:00:00Z,2026-12-11T05:00:00Z,20271010196
20271010197,202710BI408E0110197,BI 408 E01,active,2026-08-17T05:00:00Z,2026-12-11T05:00:00Z,20271010197
20271010198,202710BI408LE0110198,BI 408L E01,active,2026-08-17T05:00:00Z,2026-12-11T05:00:00Z,20271010198
20271010199,202710MU401C0210199,MU 401C 02,active,2026-08-17T05:00:00Z,2026-12-11T05:00:00Z,20271010199
20271010200,202710MU101D0110200,MU 101D 01,active,2026-08-17T05:00:00Z,2026-12-11T05:00:00Z,20271010200
20271010201,202710MU201D0110201,MU 201D 01,active,2026-08-17T05:00:00Z,2026-12-11T05:00:00Z,20271010201
20271010202,202710MU301D0110202,MU 301D 01,active,2026-08-17T05:00:00Z,2026-12-11T05:00:00Z,20271010202
20271010203,202710MU401D0110203,MU 401D 01,active,2026-08-17T05:00:00Z,2026-12-11T05:00:00Z,20271010203
20271010204,202710MU101E0110204,MU 101E 01,active,2026-08-17T05:00:00Z,2026-12-11T05:00:00Z,20271010204
20271010205,202710MU201E0110205,MU 201E 01,active,2026-08-17T05:00:00Z,2026-12-11T05:00:00Z,20271010205
20271010206,202710MU301E0110206,MU 301E 01,active,2026-08-17T05:00:00Z,2026-12-11T05:00:00Z,20271010206
20271010207,202710MU401E0110207,MU 401E 01,active,2026-08-17T05:00:00Z,2026-12-11T05:00:00Z,20271010207
20271010208,202710CS1110110208,CS 111 01,active,2026-08-17T05:00:00Z,2026-12-11T05:00:00Z,20271010208
20271010209,202710CS1110210209,CS 111 02,active,2026-08-17T05:00:00Z,2026-12-11T05:00:00Z,20271010209
20271010210,202710CS1110310210,CS 111 03,active,2026-08-17T05:00:00Z,2026-12-11T05:00:00Z,20271010210
20271010211,202710CS1120110211,CS 112 01,active,2026-08-17T05:00:00Z,2026-12-11T05:00:00Z,20271010211
20271010212,202710CS1910110212,CS 191 01,active,2026-08-17T05:00:00Z,2026-12-11T05:00:00Z,20271010212
20271010213,202710CS2040110213,CS 204 01,active,2026-08-17T05:00:00Z,2026-12-11T05:00:00Z,20271010213
20271010214,202710CS3210110214,CS 321 01,active,2026-08-17T05:00:00Z,2026-12-11T05:00:00Z,20271010214
20271010215,202710CS3230110215,CS 323 01,active,2026-08-17T05:00:00Z,2026-12-11T05:00:00Z,20271010215
20271010216,202710CS3410110216,CS 341 01,active,2026-08-17T05:00:00Z,2026-12-11T05:00:00Z,20271010216
20271010217,202710CS3510110217,CS 351 01,active,2026-08-17T05:00:00Z,2026-12-11T05:00:00Z,20271010217
20271010218,202710CS3980110218,CS 398 01,active,2026-08-17T05:00:00Z,2026-12-11T05:00:00Z,20271010218
20271010219,202710CS422HE110219,CS 422 HE1,active,2026-08-17T05:00:00Z,2026-12-11T05:00:00Z,20271010219
20271010220,202710CS4230110220,CS 423 01,active,2026-08-17T05:00:00Z,2026-12-11T05:00:00Z,20271010220
20271010221,202710CS4550110221,CS 455 01,active,2026-08-17T05:00:00Z,2026-12-11T05:00:00Z,20271010221
20271010222,202710MU111Z0110222,MU 111Z 01,active,2026-08-17T05:00:00Z,2026-12-11T05:00:00Z,20271010222
20271010223,202710MU211Z0110223,MU 211Z 01,active,2026-08-17T05:00:00Z,2026-12-11T05:00:00Z,20271010223
20271010224,202710MU311Z0110224,MU 311Z 01,active,2026-08-17T05:00:00Z,2026-12-11T05:00:00Z,20271010224
20271010225,202710MU411Z0110225,MU 411Z 01,active,2026-08-17T05:00:00Z,2026-12-11T05:00:00Z,20271010225
20271010226,202710BI1910110226,BI 191 01,active,2026-08-17T05:00:00Z,2026-12-11T05:00:00Z,20271010226
20271010227,202710MU111Z20110227,MU 111Z2 01,active,2026-08-17T05:00:00Z,2026-12-11T05:00:00Z,20271010227
20271010228,202710BI1910210228,BI 191 02,active,2026-08-17T05:00:00Z,2026-12-11T05:00:00Z,20271010228
20271010229,202710MU211Z20110229,MU 211Z2 01,active,2026-08-17T05:00:00Z,2026-12-11T05:00:00Z,20271010229
20271010230,202710MU311Z20110230,MU 311Z2 01,active,2026-08-17T05:00:00Z,2026-12-11T05:00:00Z,20271010230
20271010231,202710BI4910110231,BI 491 01,active,2026-08-17T05:00:00Z,2026-12-11T05:00:00Z,20271010231
20271010232,202710CH1910110232,CH 191 01,active,2026-08-17T05:00:00Z,2026-12-11T05:00:00Z,20271010232
20271010233,202710MU411Z20110233,MU 411Z2 01,active,2026-08-17T05:00:00Z,2026-12-11T05:00:00Z,20271010233
20271010234,202710CH4910110234,CH 491 01,active,2026-08-17T05:00:00Z,2026-12-11T05:00:00Z,20271010234
20271010235,202710MU111Z30110235,MU 111Z3 01,active,2026-08-17T05:00:00Z,2026-12-11T05:00:00Z,20271010235
20271010236,202710SC1510110236,SC 151 01,active,2026-08-17T05:00:00Z,2026-12-11T05:00:00Z,20271010236
20271010237,202710MU211Z30110237,MU 211Z3 01,active,2026-08-17T05:00:00Z,2026-12-11T05:00:00Z,20271010237
20271010238,202710SC151E0110238,SC 151 E01,active,2026-08-17T05:00:00Z,2026-12-11T05:00:00Z,20271010238
20271010239,202710MU311Z30110239,MU 311Z3 01,active,2026-08-17T05:00:00Z,2026-12-11T05:00:00Z,20271010239
20271010240,202710SC1510210240,SC 151 02,active,2026-08-17T05:00:00Z,2026-12-11T05:00:00Z,20271010240
20271010241,202710SC151E0210241,SC 151 E02,active,2026-08-17T05:00:00Z,2026-12-11T05:00:00Z,20271010241
20271010242,202710MU411Z30110242,MU 411Z3 01,active,2026-08-17T05:00:00Z,2026-12-11T05:00:00Z,20271010242
20271010243,202710SC151L0110243,SC 151L 01,active,2026-08-17T05:00:00Z,2026-12-11T05:00:00Z,20271010243
20271010244,202710AR1020110244,AR 102 01,active,2026-08-17T05:00:00Z,2026-12-11T05:00:00Z,20271010244
20271010245,202710SC151LE0110245,SC 151L E01,active,2026-08-17T05:00:00Z,2026-12-11T05:00:00Z,20271010245
20271010246,202710PE4030110246,PE 403 01,active,2026-08-17T05:00:00Z,2026-12-11T05:00:00Z,20271010246
20271010247,202710AR1030110247,AR 103 01,active,2026-08-17T05:00:00Z,2026-12-11T05:00:00Z,20271010247
20271010248,202710PE406E0110248,PE 406 E01,active,2026-08-17T05:00:00Z,2026-12-11T05:00:00Z,20271010248
20271010249,202710AR2030110249,AR 203 01,active,2026-08-17T05:00:00Z,2026-12-11T05:00:00Z,20271010249
20271010250,202710PE4310110250,PE 431 01,active,2026-08-17T05:00:00Z,2026-12-11T05:00:00Z,20271010250
20271010251,202710SC151LE0210251,SC 151L E02,active,2026-08-17T05:00:00Z,2026-12-11T05:00:00Z,20271010251
20271010252,202710AR2050110252,AR 205 01,active,2026-08-17T05:00:00Z,2026-12-11T05:00:00Z,20271010252
20271010253,202710RE305E0110253,RE 305 E01,active,2026-08-17T05:00:00Z,2026-12-11T05:00:00Z,20271010253
20271010254,202710AR3160110254,AR 316 01,active,2026-08-17T05:00:00Z,2026-12-11T05:00:00Z,20271010254
20271010255,202710RE4130110255,RE 413 01,active,2026-08-17T05:00:00Z,2026-12-11T05:00:00Z,20271010255
20271010256,202710RE4130210256,RE 413 02,active,2026-08-17T05:00:00Z,2026-12-11T05:00:00Z,20271010256
20271010257,202710AR3190110257,AR 319 01,active,2026-08-17T05:00:00Z,2026-12-11T05:00:00Z,20271010257
20271010258,202710PED5190110258,PED 519 01,active,2026-08-17T05:00:00Z,2026-12-11T05:00:00Z,20271010258
20271010259,202710AR4050110259,AR 405 01,active,2026-08-17T05:00:00Z,2026-12-11T05:00:00Z,20271010259
20271010260,202710AR310E0110260,AR 310 E01,active,2026-08-17T05:00:00Z,2026-12-11T05:00:00Z,20271010260
20271010261,202710AR3140110261,AR 314 01,active,2026-08-17T05:00:00Z,2026-12-11T05:00:00Z,20271010261
20271010262,202710AR101E0110262,AR 101 E01,active,2026-08-17T05:00:00Z,2026-12-11T05:00:00Z,20271010262
20271010263,202710SC2610110263,SC 261 01,active,2026-08-17T05:00:00Z,2026-12-11T05:00:00Z,20271010263
20271010264,202710SC2610210264,SC 261 02,active,2026-08-17T05:00:00Z,2026-12-11T05:00:00Z,20271010264
20271010265,202710MU107E0110265,MU 107 E01,active,2026-08-17T05:00:00Z,2026-12-11T05:00:00Z,20271010265
20271010266,202710MU1070110266,MU 107 01,active,2026-08-17T05:00:00Z,2026-12-11T05:00:00Z,20271010266
20271010267,202710SC261E0210267,SC 261 E02,active,2026-08-17T05:00:00Z,2026-12-11T05:00:00Z,20271010267
20271010268,202710SC261L0110268,SC 261L 01,active,2026-08-17T05:00:00Z,2026-12-11T05:00:00Z,20271010268
20271010269,202710MU1070210269,MU 107 02,active,2026-08-17T05:00:00Z,2026-12-11T05:00:00Z,20271010269
20271010270,202710SC261L0210270,SC 261L 02,active,2026-08-17T05:00:00Z,2026-09-18T05:00:00Z,20271010270
20271010271,202710MU1070310271,MU 107 03,active,2026-08-17T05:00:00Z,2026-12-11T05:00:00Z,20271010271
20271010272,202710SC261LE0210272,SC 261L E02,active,2026-08-17T05:00:00Z,2026-12-11T05:00:00Z,20271010272
20271010273,202710HL1010110273,HL 101 01,active,2026-08-17T05:00:00Z,2026-12-11T05:00:00Z,20271010273
20271010274,202710AR3010110274,AR 301 01,active,2026-08-17T05:00:00Z,2026-12-11T05:00:00Z,20271010274
20271010275,202710EC3020110275,EC 302 01,active,2026-08-17T05:00:00Z,2026-12-11T05:00:00Z,20271010275
20271010276,202710HL1010210276,HL 101 02,active,2026-08-17T05:00:00Z,2026-12-11T05:00:00Z,20271010276
20271010277,202710HL1010310277,HL 101 03,active,2026-08-17T05:00:00Z,2026-12-11T05:00:00Z,20271010277
20271010278,202710HL1010410278,HL 101 04,active,2026-08-17T05:00:00Z,2026-12-11T05:00:00Z,20271010278
20271010279,202710HL1010510279,HL 101 05,active,2026-08-17T05:00:00Z,2026-12-11T05:00:00Z,20271010279
20271010280,202710EC3080110280,EC 308 01,active,2026-08-17T05:00:00Z,2026-12-11T05:00:00Z,20271010280
20271010281,202710MA100X0110281,MA 100X 01,active,2026-08-17T05:00:00Z,2026-12-11T05:00:00Z,20271010281
20271010282,202710HL309E0110282,HL 309 E01,active,2026-08-17T05:00:00Z,2026-12-11T05:00:00Z,20271010282
20271010283,202710MA100X0210283,MA 100X 02,active,2026-08-17T05:00:00Z,2026-12-11T05:00:00Z,20271010283
20271010285,202710MA100X0310285,MA 100X 03,active,2026-08-17T05:00:00Z,2026-12-11T05:00:00Z,20271010285
20271010286,202710EC3100110286,EC 310 01,active,2026-08-17T05:00:00Z,2026-12-11T05:00:00Z,20271010286
20271010287,202710MA100X0410287,MA 100X 04,active,2026-08-17T05:00:00Z,2026-12-11T05:00:00Z,20271010287
20271010288,202710MA100X0510288,MA 100X 05,active,2026-08-17T05:00:00Z,2026-12-11T05:00:00Z,20271010288
20271010289,202710EC311E0110289,EC 311 E01,active,2026-08-17T05:00:00Z,2026-12-11T05:00:00Z,20271010289
20271010290,202710MA100X0610290,MA 100X 06,active,2026-08-17T05:00:00Z,2026-12-11T05:00:00Z,20271010290
20271010291,202710EC313E0110291,EC 313 E01,active,2026-08-17T05:00:00Z,2026-12-11T05:00:00Z,20271010291
20271010292,202710MA1110110292,MA 111 01,active,2026-08-17T05:00:00Z,2026-12-11T05:00:00Z,20271010292
20271010293,202710EC4000110293,EC 400 01,active,2026-08-17T05:00:00Z,2026-12-11T05:00:00Z,20271010293
20271010294,202710MA1110210294,MA 111 02,active,2026-08-17T05:00:00Z,2026-12-11T05:00:00Z,20271010294
20271010295,202710EC4020110295,EC 402 01,active,2026-08-17T05:00:00Z,2026-12-11T05:00:00Z,20271010295
20271010296,202710HL3180110296,HL 318 01,active,2026-08-17T05:00:00Z,2026-12-11T05:00:00Z,20271010296
20271010297,202710EC4040110297,EC 404 01,active,2026-08-17T05:00:00Z,2026-12-11T05:00:00Z,20271010297
20271010298,202710MA1110310298,MA 111 03,active,2026-08-17T05:00:00Z,2026-12-11T05:00:00Z,20271010298
20271010299,202710PE2050110299,PE 205 01,active,2026-08-17T05:00:00Z,2026-12-11T05:00:00Z,20271010299
20271010300,202710EC4630110300,EC 463 01,active,2026-08-17T05:00:00Z,2026-12-11T05:00:00Z,20271010300
20271010301,202710MA1110410301,MA 111 04,active,2026-08-17T05:00:00Z,2026-12-11T05:00:00Z,20271010301
20271010302,202710PE1020110302,PE 102 01,active,2026-08-17T05:00:00Z,2026-12-11T05:00:00Z,20271010302
20271010303,202710HI101E0110303,HI 101 E01,active,2026-08-17T05:00:00Z,2026-12-11T05:00:00Z,20271010303
20271010304,202710PE1020210304,PE 102 02,active,2026-08-17T05:00:00Z,2026-12-11T05:00:00Z,20271010304
20271010305,202710SE4010110305,SE 401 01,active,2026-08-17T05:00:00Z,2026-12-11T05:00:00Z,20271010305
20271010306,202710PE1020310306,PE 102 03,active,2026-08-17T05:00:00Z,2026-12-11T05:00:00Z,20271010306
20271010307,202710HI201HE110307,HI 201 HE1,active,2026-08-17T05:00:00Z,2026-12-11T05:00:00Z,20271010307
20271010308,202710MA1110510308,MA 111 05,active,2026-08-17T05:00:00Z,2026-12-11T05:00:00Z,20271010308
20271010309,202710HI2010110309,HI 201 01,active,2026-08-17T05:00:00Z,2026-12-11T05:00:00Z,20271010309
20271010310,202710ED1020110310,ED 102 01,active,2026-08-17T05:00:00Z,2026-12-11T05:00:00Z,20271010310
20271010311,202710MA1110610311,MA 111 06,active,2026-08-17T05:00:00Z,2026-12-11T05:00:00Z,20271010311
20271010312,202710HI215E0110312,HI 215 E01,active,2026-08-17T05:00:00Z,2026-12-11T05:00:00Z,20271010312
20271010313,202710MA1120110313,MA 112 01,active,2026-08-17T05:00:00Z,2026-12-11T05:00:00Z,20271010313
20271010314,202710ED1020210314,ED 102 02,active,2026-08-17T05:00:00Z,2026-12-11T05:00:00Z,20271010314
20271010315,202710HI302HE110315,HI 302 HE1,active,2026-08-17T05:00:00Z,2026-12-11T05:00:00Z,20271010315
20271010316,202710PE1020410316,PE 102 04,active,2026-08-17T05:00:00Z,2026-12-11T05:00:00Z,20271010316
20271010317,202710SS3910310317,SS 391 03,active,2026-08-17T05:00:00Z,2026-12-11T05:00:00Z,20271010317
20271010318,202710ED1020310318,ED 102 03,active,2026-08-17T05:00:00Z,2026-12-11T05:00:00Z,20271010318
20271010319,202710PA101E0110319,PA 101 E01,active,2026-08-17T05:00:00Z,2026-12-11T05:00:00Z,20271010319
20271010320,202710MA1120210320,MA 112 02,active,2026-08-17T05:00:00Z,2026-12-11T05:00:00Z,20271010320
20271010321,202710PE1080110321,PE 108 01,active,2026-08-17T05:00:00Z,2026-12-11T05:00:00Z,20271010321
20271010322,202710ED1020410322,ED 102 04,active,2026-08-17T05:00:00Z,2026-12-11T05:00:00Z,20271010322
20271010323,202710PS216E0110323,PS 216 E01,active,2026-08-17T05:00:00Z,2026-12-11T05:00:00Z,20271010323
20271010324,202710PE1100110324,PE 110 01,active,2026-08-17T05:00:00Z,2026-12-11T05:00:00Z,20271010324
20271010325,202710PE2010110325,PE 201 01,active,2026-08-17T05:00:00Z,2026-12-11T05:00:00Z,20271010325
20271010326,202710PL101E0110326,PL 101 E01,active,2026-08-17T05:00:00Z,2026-12-11T05:00:00Z,20271010326
20271010327,202710PE204E0110327,PE 204 E01,active,2026-08-17T05:00:00Z,2026-12-11T05:00:00Z,20271010327
20271010328,202710PL3150110328,PL 315 01,active,2026-08-17T05:00:00Z,2026-12-11T05:00:00Z,20271010328
20271010329,202710PE303E0110329,PE 303 E01,active,2026-08-17T05:00:00Z,2026-12-11T05:00:00Z,20271010329
20271010330,202710PE3070110330,PE 307 01,active,2026-08-17T05:00:00Z,2026-12-11T05:00:00Z,20271010330
20271010331,202710PS2010110331,PS 201 01,active,2026-08-17T05:00:00Z,2026-12-11T05:00:00Z,20271010331
20271010332,202710PE3070210332,PE 307 02,active,2026-08-17T05:00:00Z,2026-12-11T05:00:00Z,20271010332
20271010333,202710PE402E0110333,PE 402 E01,active,2026-08-17T05:00:00Z,2026-12-11T05:00:00Z,20271010333
20271010334,202710ED1020510334,ED 102 05,active,2026-08-17T05:00:00Z,2026-12-11T05:00:00Z,20271010334
20271010335,202710PS2160110335,PS 216 01,active,2026-08-17T05:00:00Z,2026-12-11T05:00:00Z,20271010335
20271010336,202710ED102E0110336,ED 102 E01,active,2026-08-17T05:00:00Z,2026-12-11T05:00:00Z,20271010336
20271010337,202710PS3490110337,PS 349 01,active,2026-08-17T05:00:00Z,2026-12-11T05:00:00Z,20271010337
20271010338,202710MA1910110338,MA 191 01,active,2026-08-17T05:00:00Z,2026-12-11T05:00:00Z,20271010338
20271010339,202710ED105E0110339,ED 105 E01,active,2026-08-17T05:00:00Z,2026-12-11T05:00:00Z,20271010339
20271010340,202710PS355E0110340,PS 355 E01,active,2026-08-17T05:00:00Z,2026-12-11T05:00:00Z,20271010340
20271010341,202710MA2990110341,MA 299 01,active,2026-08-17T05:00:00Z,2026-12-11T05:00:00Z,20271010341
20271010342,202710PS471E0110342,PS 471 E01,active,2026-08-17T05:00:00Z,2026-12-11T05:00:00Z,20271010342
20271010343,202710ED3020110343,ED 302 01,active,2026-08-17T05:00:00Z,2026-12-11T05:00:00Z,20271010343
20271010344,202710MA3000110344,MA 300 01,active,2026-08-17T05:00:00Z,2026-12-11T05:00:00Z,20271010344
20271010345,202710SO2110110345,SO 211 01,active,2026-08-17T05:00:00Z,2026-12-11T05:00:00Z,20271010345
20271010346,202710ED305E0110346,ED 305 E01,active,2026-08-17T05:00:00Z,2026-12-11T05:00:00Z,20271010346
20271010347,202710SO212E0110347,SO 212 E01,active,2026-08-17T05:00:00Z,2026-12-11T05:00:00Z,20271010347
20271010348,202710MA3010110348,MA 301 01,active,2026-08-17T05:00:00Z,2026-12-11T05:00:00Z,20271010348
20271010349,202710SO2130110349,SO 213 01,active,2026-08-17T05:00:00Z,2026-12-11T05:00:00Z,20271010349
20271010350,202710ED3800110350,ED 380 01,active,2026-08-17T05:00:00Z,2026-12-11T05:00:00Z,20271010350
20271010351,202710MA302HE110351,MA 302 HE1,active,2026-08-17T05:00:00Z,2026-12-11T05:00:00Z,20271010351
20271010352,202710ED4040110352,ED 404 01,active,2026-08-17T05:00:00Z,2026-12-11T05:00:00Z,20271010352
20271010353,202710SO3010110353,SO 301 01,active,2026-08-17T05:00:00Z,2026-12-11T05:00:00Z,20271010353
20271010354,202710ED4050110354,ED 405 01,active,2026-08-17T05:00:00Z,2026-12-11T05:00:00Z,20271010354
20271010355,202710ED4090110355,ED 409 01,active,2026-08-17T05:00:00Z,2026-12-11T05:00:00Z,20271010355
20271010356,202710MA3110110356,MA 311 01,active,2026-08-17T05:00:00Z,2026-12-11T05:00:00Z,20271010356
20271010357,202710SO3030110357,SO 303 01,active,2026-08-17T05:00:00Z,2026-12-11T05:00:00Z,20271010357
20271010358,202710ED4200110358,ED 420 01,active,2026-08-17T05:00:00Z,2026-12-11T05:00:00Z,20271010358
20271010359,202710MA3170110359,MA 317 01,active,2026-08-17T05:00:00Z,2026-12-11T05:00:00Z,20271010359
20271010360,202710ED4910110360,ED 491 01,active,2026-08-17T05:00:00Z,2026-12-11T05:00:00Z,20271010360
20271010361,202710MA3330110361,MA 333 01,active,2026-08-17T05:00:00Z,2026-12-11T05:00:00Z,20271010361
20271010362,202710MA4010110362,MA 401 01,active,2026-08-17T05:00:00Z,2026-12-11T05:00:00Z,20271010362
20271010363,202710RD2140110363,RD 214 01,active,2026-08-17T05:00:00Z,2026-12-11T05:00:00Z,20271010363
20271010364,202710RD4110110364,RD 411 01,active,2026-08-17T05:00:00Z,2026-12-11T05:00:00Z,20271010364
20271010365,202710MA4510110365,MA 451 01,active,2026-08-17T05:00:00Z,2026-12-11T05:00:00Z,20271010365
20271010366,202710RD4130110366,RD 413 01,active,2026-08-17T05:00:00Z,2026-12-11T05:00:00Z,20271010366
20271010367,202710RD4300110367,RD 430 01,active,2026-08-17T05:00:00Z,2026-12-11T05:00:00Z,20271010367
20271010368,202710SE3250110368,SE 325 01,active,2026-08-17T05:00:00Z,2026-12-11T05:00:00Z,20271010368
20271010369,202710ED5020110369,ED 502 01,active,2026-08-17T05:00:00Z,2026-12-11T05:00:00Z,20271010369
20271010370,202710ED5030110370,ED 503 01,active,2026-08-17T05:00:00Z,2026-12-11T05:00:00Z,20271010370
20271010371,202710ED5070110371,ED 507 01,active,2026-08-17T05:00:00Z,2026-12-11T05:00:00Z,20271010371
20271010372,202710ED5280110372,ED 528 01,active,2026-08-17T05:00:00Z,2026-12-11T05:00:00Z,20271010372
20271010373,202710ED5400110373,ED 540 01,active,2026-08-17T05:00:00Z,2026-12-11T05:00:00Z,20271010373
20271010374,202710EN100BA10374,EN 100B A,active,2026-08-17T05:00:00Z,2026-12-11T05:00:00Z,20271010374
20271010375,202710SE5500110375,SE 550 01,active,2026-08-17T05:00:00Z,2026-12-11T05:00:00Z,20271010375
20271010376,202710EN100BB10376,EN 100B B,active,2026-08-17T05:00:00Z,2026-12-11T05:00:00Z,20271010376
20271010377,202710ED5990110377,ED 599 01,active,2026-08-17T05:00:00Z,2026-12-11T05:00:00Z,20271010377
20271010378,202710EN100BC10378,EN 100B C,active,2026-08-17T05:00:00Z,2026-12-11T05:00:00Z,20271010378
20271010379,202710CJ2810110379,CJ 281 01,active,2026-08-17T05:00:00Z,2026-12-11T05:00:00Z,20271010379
20271010380,202710EN100BD10380,EN 100B D,active,2026-08-17T05:00:00Z,2026-12-11T05:00:00Z,20271010380
20271010381,202710EN100BE10381,EN 100B E,active,2026-08-17T05:00:00Z,2026-12-11T05:00:00Z,20271010381
20271010382,202710CJ3830110382,CJ 383 01,active,2026-08-17T05:00:00Z,2026-12-11T05:00:00Z,20271010382
20271010383,202710EN101A10383,EN 101 A,active,2026-08-17T05:00:00Z,2026-12-11T05:00:00Z,20271010383
20271010384,202710CJ3850110384,CJ 385 01,active,2026-08-17T05:00:00Z,2026-12-11T05:00:00Z,20271010384
20271010385,202710EN101B10385,EN 101 B,active,2026-08-17T05:00:00Z,2026-12-11T05:00:00Z,20271010385
20271010386,202710EN101C10386,EN 101 C,active,2026-08-17T05:00:00Z,2026-12-11T05:00:00Z,20271010386
20271010387,202710EN101D10387,EN 101 D,active,2026-08-17T05:00:00Z,2026-12-11T05:00:00Z,20271010387
20271010388,202710EN101E10388,EN 101 E,active,2026-08-17T05:00:00Z,2026-12-11T05:00:00Z,20271010388
20271010389,202710EN1010110389,EN 101 01,active,2026-08-17T05:00:00Z,2026-12-11T05:00:00Z,20271010389
20271010390,202710EN1010210390,EN 101 02,active,2026-08-17T05:00:00Z,2026-12-11T05:00:00Z,20271010390
20271010391,202710CJ3870110391,CJ 387 01,active,2026-08-17T05:00:00Z,2026-12-11T05:00:00Z,20271010391
20271010392,202710EN1010310392,EN 101 03,active,2026-08-17T05:00:00Z,2026-12-11T05:00:00Z,20271010392
20271010393,202710CJ3890110393,CJ 389 01,active,2026-08-17T05:00:00Z,2026-12-11T05:00:00Z,20271010393
20271010394,202710EN1010410394,EN 101 04,active,2026-08-17T05:00:00Z,2026-12-11T05:00:00Z,20271010394
20271010395,202710CJ3900110395,CJ 390 01,active,2026-08-17T05:00:00Z,2026-12-11T05:00:00Z,20271010395
20271010396,202710EN1010510396,EN 101 05,active,2026-08-17T05:00:00Z,2026-12-11T05:00:00Z,20271010396
20271010397,202710EN1020110397,EN 102 01,active,2026-08-17T05:00:00Z,2026-12-11T05:00:00Z,20271010397
20271010398,202710CJ394E0110398,CJ 394 E01,active,2026-08-17T05:00:00Z,2026-12-11T05:00:00Z,20271010398
20271010399,202710EN1020210399,EN 102 02,active,2026-08-17T05:00:00Z,2026-12-11T05:00:00Z,20271010399
20271010400,202710CJ4800110400,CJ 480 01,active,2026-08-17T05:00:00Z,2026-12-11T05:00:00Z,20271010400
20271010401,202710EN1020310401,EN 102 03,active,2026-08-17T05:00:00Z,2026-12-11T05:00:00Z,20271010401
20271010402,202710CJ490E0110402,CJ 490 E01,active,2026-08-17T05:00:00Z,2026-12-11T05:00:00Z,20271010402
20271010403,202710EN1020410403,EN 102 04,active,2026-08-17T05:00:00Z,2026-12-11T05:00:00Z,20271010403
20271010404,202710CJ550E0110404,CJ 550 E01,active,2026-08-17T05:00:00Z,2026-12-11T05:00:00Z,20271010404
20271010405,202710CJ560E0110405,CJ 560 E01,active,2026-08-17T05:00:00Z,2026-12-11T05:00:00Z,20271010405
20271010406,202710CJ564E0110406,CJ 564 E01,active,2026-08-17T05:00:00Z,2026-12-11T05:00:00Z,20271010406
20271010407,202710EN201E0110407,EN 201 E01,active,2026-08-17T05:00:00Z,2026-12-11T05:00:00Z,20271010407
20271010408,202710CJ593E0110408,CJ 593 E01,active,2026-08-17T05:00:00Z,2026-12-11T05:00:00Z,20271010408
20271010409,202710EN201E0210409,EN 201 E02,active,2026-08-17T05:00:00Z,2026-12-11T05:00:00Z,20271010409
20271010410,202710CJ597E0110410,CJ 597 E01,active,2026-08-17T05:00:00Z,2026-12-11T05:00:00Z,20271010410
20271010411,202710EN3530110411,EN 353 01,active,2026-08-17T05:00:00Z,2026-12-11T05:00:00Z,20271010411
20271010412,202710CJ615E0110412,CJ 615 E01,active,2026-08-17T05:00:00Z,2026-12-11T05:00:00Z,20271010412
20271010413,202710EN361HE110413,EN 361 HE1,active,2026-08-17T05:00:00Z,2026-12-11T05:00:00Z,20271010413
20271010414,202710EN373HE110414,EN 373 HE1,active,2026-08-17T05:00:00Z,2026-12-11T05:00:00Z,20271010414
20271010415,202710EN4500110415,EN 450 01,active,2026-08-17T05:00:00Z,2026-12-11T05:00:00Z,20271010415
20271010416,202710EN4530110416,EN 453 01,active,2026-08-17T05:00:00Z,2026-12-11T05:00:00Z,20271010416
20271010417,202710RP5040110417,RP 504 01,active,2026-08-17T05:00:00Z,2026-12-11T05:00:00Z,20271010417
20271010418,202710EN468A0110418,EN 468A 01,active,2026-08-17T05:00:00Z,2026-12-11T05:00:00Z,20271010418
20271010419,202710RP503E0110419,RP 503 E01,active,2026-08-17T05:00:00Z,2026-12-11T05:00:00Z,20271010419
20271010420,202710RP5070110420,RP 507 01,active,2026-08-17T05:00:00Z,2026-12-11T05:00:00Z,20271010420
20271010421,202710SA1010110421,SA 101 01,active,2026-08-17T05:00:00Z,2026-12-11T05:00:00Z,20271010421
20271010422,202710RP5220110422,RP 522 01,active,2026-08-17T05:00:00Z,2026-12-11T05:00:00Z,20271010422
20271010423,202710PS201HE110423,PS 201 HE1,active,2026-08-17T05:00:00Z,2026-12-11T05:00:00Z,20271010423
20271010424,202710PA317HE110424,PA 317 HE1,active,2026-08-17T05:00:00Z,2026-12-11T05:00:00Z,20271010424
20271010425,202710SA1010210425,SA 101 02,active,2026-08-17T05:00:00Z,2026-12-11T05:00:00Z,20271010425
20271010426,202710SA1010310426,SA 101 03,active,2026-08-17T05:00:00Z,2026-12-11T05:00:00Z,20271010426
20271010427,202710SA1020110427,SA 102 01,active,2026-08-17T05:00:00Z,2026-12-11T05:00:00Z,20271010427
20271010428,202710EN201E0310428,EN 201 E03,active,2026-08-17T05:00:00Z,2026-12-11T05:00:00Z,20271010428
20271010429,202710EN201E0410429,EN 201 E04,active,2026-08-17T05:00:00Z,2026-12-11T05:00:00Z,20271010429
20271010430,202710EN3020110430,EN 302 01,active,2026-08-17T05:00:00Z,2026-12-11T05:00:00Z,20271010430
20271010431,202710EN307HE110431,EN 307 HE1,active,2026-08-17T05:00:00Z,2026-12-11T05:00:00Z,20271010431
20271010432,202710EN366HE110432,EN 366 HE1,active,2026-08-17T05:00:00Z,2026-12-11T05:00:00Z,20271010432
20271010437,202710HI102E0110437,HI 102 E01,active,2026-08-17T05:00:00Z,2026-12-11T05:00:00Z,20271010437
20271010440,202710PL206B0110440,PL 206B 01,active,2026-08-17T05:00:00Z,2026-12-11T05:00:00Z,20271010440
20271010441,202710PL206C0110441,PL 206C 01,active,2026-08-17T05:00:00Z,2026-12-11T05:00:00Z,20271010441
20271010442,202710BA209E0110442,BA 209 E01,active,2026-08-17T05:00:00Z,2026-09-18T05:00:00Z,20271010442
20271010443,202710PED500E0110443,PED 500 E01,active,2026-08-17T05:00:00Z,2026-12-11T05:00:00Z,20271010443
20271010444,202710PED501E0110444,PED 501 E01,active,2026-08-17T05:00:00Z,2026-12-11T05:00:00Z,20271010444
20271010445,202710PED523E0110445,PED 523 E01,active,2026-08-17T05:00:00Z,2026-12-11T05:00:00Z,20271010445
20271010446,202710PED527E0110446,PED 527 E01,active,2026-08-17T05:00:00Z,2026-12-11T05:00:00Z,20271010446
20271010447,202710PED5310110447,PED 531 01,active,2026-08-17T05:00:00Z,2026-12-11T05:00:00Z,20271010447
20271010448,202710MC3000110448,MC 300 01,active,2026-08-17T05:00:00Z,2026-12-11T05:00:00Z,20271010448
20271010449,202710MC3110110449,MC 311 01,active,2026-08-17T05:00:00Z,2026-12-11T05:00:00Z,20271010449
20271010450,202710MC3130110450,MC 313 01,active,2026-08-17T05:00:00Z,2026-12-11T05:00:00Z,20271010450
20271010451,202710MC315A0110451,MC 315A 01,active,2026-08-17T05:00:00Z,2026-12-11T05:00:00Z,20271010451
20271010452,202710MC316A0110452,MC 316A 01,active,2026-08-17T05:00:00Z,2026-12-11T05:00:00Z,20271010452
20271010453,202710MC3200110453,MC 320 01,active,2026-08-17T05:00:00Z,2026-12-11T05:00:00Z,20271010453
20271010454,202710MC3370110454,MC 337 01,active,2026-08-17T05:00:00Z,2026-12-11T05:00:00Z,20271010454
20271010455,202710MC3500110455,MC 350 01,active,2026-08-17T05:00:00Z,2026-12-11T05:00:00Z,20271010455
20271010456,202710MC3600110456,MC 360 01,active,2026-08-17T05:00:00Z,2026-12-11T05:00:00Z,20271010456
20271010457,202710MC4000110457,MC 400 01,active,2026-08-17T05:00:00Z,2026-12-11T05:00:00Z,20271010457
20271010458,202710MC4300110458,MC 430 01,active,2026-08-17T05:00:00Z,2026-12-11T05:00:00Z,20271010458
20271010459,202710MC4400110459,MC 440 01,active,2026-08-17T05:00:00Z,2026-12-11T05:00:00Z,20271010459
20271010460,202710SP1910110460,SP 191 01,active,2026-08-17T05:00:00Z,2026-12-11T05:00:00Z,20271010460
20271010461,202710SP340E0110461,SP 340 E01,active,2026-08-17T05:00:00Z,2026-12-11T05:00:00Z,20271010461
20271010462,202710SP4050110462,SP 405 01,active,2026-08-17T05:00:00Z,2026-12-11T05:00:00Z,20271010462
20271010463,202710SP4200110463,SP 420 01,active,2026-08-17T05:00:00Z,2026-12-11T05:00:00Z,20271010463
20271010464,202710SP4300110464,SP 430 01,active,2026-08-17T05:00:00Z,2026-12-11T05:00:00Z,20271010464
20271010465,202710TH3050110465,TH 305 01,active,2026-08-17T05:00:00Z,2026-12-11T05:00:00Z,20271010465
20271010466,202710SP4910110466,SP 491 01,active,2026-08-17T05:00:00Z,2026-12-11T05:00:00Z,20271010466
20271010467,202710BA2090110467,BA 209 01,active,2026-08-17T05:00:00Z,2026-12-11T05:00:00Z,20271010467
20271010468,202710BA2090210468,BA 209 02,active,2026-08-17T05:00:00Z,2026-12-11T05:00:00Z,20271010468
20271010469,202710SP201E0110469,SP 201 E01,active,2026-08-17T05:00:00Z,2026-12-11T05:00:00Z,20271010469
20271010470,202710SP201E0210470,SP 201 E02,active,2026-08-17T05:00:00Z,2026-12-11T05:00:00Z,20271010470
20271010471,202710SP2010110471,SP 201 01,active,2026-08-17T05:00:00Z,2026-12-11T05:00:00Z,20271010471
20271010472,202710SP2010210472,SP 201 02,active,2026-08-17T05:00:00Z,2026-12-11T05:00:00Z,20271010472
20271010474,202710SP2010410474,SP 201 04,active,2026-08-17T05:00:00Z,2026-12-11T05:00:00Z,20271010474
20271010475,202710SP301E0110475,SP 301 E01,active,2026-08-17T05:00:00Z,2026-12-11T05:00:00Z,20271010475
20271010476,202710MJ500HE110476,MJ 500 HE1,active,2026-08-17T05:00:00Z,2026-12-11T05:00:00Z,20271010476
20271010477,202710MJ5020110477,MJ 502 01,active,2026-08-17T05:00:00Z,2026-12-11T05:00:00Z,20271010477
20271010478,202710MJ5350110478,MJ 535 01,active,2026-08-17T05:00:00Z,2026-12-11T05:00:00Z,20271010478
20271010480,202710MJ540E0110480,MJ 540 E01,active,2026-08-17T05:00:00Z,2026-12-11T05:00:00Z,20271010480
20271010481,202710MJ550E0110481,MJ 550 E01,active,2026-08-17T05:00:00Z,2026-12-11T05:00:00Z,20271010481
20271010482,202710MJ570HE110482,MJ 570 HE1,active,2026-08-17T05:00:00Z,2026-12-11T05:00:00Z,20271010482
20271010483,202710MC455HE110483,MC 455 HE1,active,2026-08-17T05:00:00Z,2026-12-11T05:00:00Z,20271010483
20271010484,202710FY1010110484,FY 101 01,active,2026-08-17T05:00:00Z,2026-12-11T05:00:00Z,20271010484
20271010485,202710FY1010210485,FY 101 02,active,2026-08-17T05:00:00Z,2026-12-11T05:00:00Z,20271010485
20271010486,202710FY1010310486,FY 101 03,active,2026-08-17T05:00:00Z,2026-12-11T05:00:00Z,20271010486
20271010487,202710FY1010410487,FY 101 04,active,2026-08-17T05:00:00Z,2026-12-11T05:00:00Z,20271010487
20271010488,202710FY1010510488,FY 101 05,active,2026-08-17T05:00:00Z,2026-12-11T05:00:00Z,20271010488
20271010489,202710SK1070110489,SK 107 01,active,2026-08-17T05:00:00Z,2026-12-11T05:00:00Z,20271010489
20271010490,202710SK1070210490,SK 107 02,active,2026-08-17T05:00:00Z,2026-12-11T05:00:00Z,20271010490
20271010491,202710SK1070310491,SK 107 03,active,2026-08-17T05:00:00Z,2026-12-11T05:00:00Z,20271010491
20271010492,202710SK1070410492,SK 107 04,active,2026-08-17T05:00:00Z,2026-12-11T05:00:00Z,20271010492
20271010493,202710SK1020110493,SK 102 01,active,2026-08-17T05:00:00Z,2026-12-11T05:00:00Z,20271010493
20271010494,202710SK1020210494,SK 102 02,active,2026-08-17T05:00:00Z,2026-12-11T05:00:00Z,20271010494
20271010495,202710SK1020310495,SK 102 03,active,2026-08-17T05:00:00Z,2026-12-11T05:00:00Z,20271010495
20271010496,202710SK1030110496,SK 103 01,active,2026-08-17T05:00:00Z,2026-12-11T05:00:00Z,20271010496
20271010497,202710HI4010110497,HI 401 01,active,2026-08-17T05:00:00Z,2026-12-11T05:00:00Z,20271010497
20271010498,202710AC405E0110498,AC 405 E01,active,2026-08-17T05:00:00Z,2026-12-11T05:00:00Z,20271010498
20271010499,202710SC151L0210499,SC 151L 02,active,2026-08-17T05:00:00Z,2026-12-11T05:00:00Z,20271010499
20271010500,202710MU201U0110500,MU 201U 01,active,2026-08-17T05:00:00Z,2026-12-11T05:00:00Z,20271010500
20271010501,202710MU201Y0110501,MU 201Y 01,active,2026-08-17T05:00:00Z,2026-12-11T05:00:00Z,20271010501
20271010502,202710MU301Y0110502,MU 301Y 01,active,2026-08-17T05:00:00Z,2026-12-11T05:00:00Z,20271010502
20271010503,202710MU401Y0110503,MU 401Y 01,active,2026-08-17T05:00:00Z,2026-12-11T05:00:00Z,20271010503
20271010504,202710OMP310E0110504,OMP 310 E01,active,2026-08-17T05:00:00Z,2026-09-18T05:00:00Z,20271010504
20271010505,202710OMP320E0110505,OMP 320 E01,active,2026-08-17T05:00:00Z,2026-09-18T05:00:00Z,20271010505
20271010506,202710OMP330E0110506,OMP 330 E01,active,2026-08-17T05:00:00Z,2026-09-18T05:00:00Z,20271010506
20271010507,202710OMP340E0110507,OMP 340 E01,active,2026-09-21T05:00:00Z,2026-10-23T05:00:00Z,20271010507
20271010508,202710OMP410E0110508,OMP 410 E01,active,2026-09-21T05:00:00Z,2026-10-23T05:00:00Z,20271010508
20271010509,202710OMP420E0110509,OMP 420 E01,active,2026-10-26T05:00:00Z,2026-12-04T05:00:00Z,20271010509
20271010511,202710OMP430E0110511,OMP 430 E01,active,2026-10-26T05:00:00Z,2026-12-04T05:00:00Z,20271010511
20271010512,202710OMP440E0110512,OMP 440 E01,active,2026-10-26T05:00:00Z,2026-12-04T05:00:00Z,20271010512
20271010513,202710ET474E0110513,ET 474 E01,active,2026-08-17T05:00:00Z,2026-12-11T05:00:00Z,20271010513
20271010514,202710EC3090110514,EC 309 01,active,2026-08-17T05:00:00Z,2026-12-11T05:00:00Z,20271010514
